"","V1","V2"
"1","Deirdra Von","1"
"2","Olaf Malik","2"
"3","Olaf Davison","3"
"4","Olaf Jacobs","4"
"5","Vera Thorne","5"
"6","Peter Johnson","6"
"7","Alex Landow","7"
"8","Gina Davison","8"
"9","Peter Yom","9"
"10","Lili Zaff","10"
"11","Quincy Kerry","11"
"12","Monica Wilcox","12"
"13","Helen Baker","13"
"14","Will Sherman","14"
"15","Helen Sherman","15"
"16","Urey Ines","16"
"17","Helen Quail","17"
"18","Helen Quail","18"
"19","Fred Malik","19"
"20","Gina Von","20"
"21","Isaac Erlich","21"
"22","Isaac Kerry","22"
"23","Evan Ford","23"
"24","Brandon Zaff","24"
"25","Fred Malik","25"
"26","Tom Johnson","26"
"27","Monica Von","27"
"28","Will Sherman","28"
"29","Urey Johnson","29"
"30","Brandon Johnson","30"
"31","Larry Ford","31"
"32","Helen Thorne","32"
"33","Isaac Anderson","33"
"34","Lili Yom","34"
"35","Evan Sherman","35"
"36","Shreya Holly","36"
"37","Fred Rich","37"
"38","Gina Malik","38"
"39","Zack Xander","39"
"40","Tom Ines","40"
"41","Monica Yom","41"
"42","Peter Holly","42"
"43","Isaac Landow","43"
"44","Olaf Sherman","44"
"45","Isaac Xander","45"
"46","Lili Neumann","46"
"47","Quincy Neumann","47"
"48","Lili Baker","48"
"49","Gina Gore","49"
"50","Shreya Ulam","50"
"51","Brandon Ford","51"
"52","Isaac Wilcox","52"
"53","Ryan Johnson","53"
"54","Lili Holly","54"
"55","Evan Peterson","55"
"56","Lili Erlich","56"
"57","Lili Malik","57"
"58","Shreya Yom","58"
"59","Evan Peterson","59"
"60","Urey Ulam","60"
"61","Vera Peterson","61"
"62","Brandon Orange","62"
"63","Isaac Thorne","63"
"64","Alex Davison","64"
"65","Gina Johnson","65"
"66","Ryan Ulam","66"
"67","Isaac Yom","67"
"68","Lili Baker","68"
"69","Brandon Rich","69"
"70","Nancy Erlich","70"
"71","Deirdra Davison","71"
"72","Will Davison","72"
"73","Alex Johnson","73"
"74","Tom Gore","74"
"75","Cary Sherman","75"
"76","Monica Erlich","76"
"77","John Jacobs","77"
"78","Brandon Jacobs","78"
"79","Isaac Quail","79"
"80","Quincy Kerry","80"
"81","Yenn Rich","81"
"82","Larry Zaff","82"
"83","Deirdra Xander","83"
"84","Monica Jacobs","84"
"85","Fred Holly","85"
"86","Will Jacobs","86"
"87","John Malik","87"
"88","Isaac Anderson","88"
"89","Evan Holly","89"
"90","Will Rich","90"
"91","Evan Davison","91"
"92","Will Davison","92"
"93","Deirdra Anderson","93"
"94","Deirdra Ines","94"
"95","Cary Peterson","95"
"96","Lili Baker","96"
"97","Isaac Tusa","97"
"98","Alex Xander","98"
"99","Isaac Tusa","99"
"100","Shreya Kerry","100"
"101","Alex Carlisle","101"
"102","Nancy Kerry","102"
"103","Helen Davison","103"
"104","Fred Anderson","104"
"105","Deirdra Davison","105"
"106","Isaac Johnson","106"
"107","Evan Gore","107"
"108","Deirdra Neumann","108"
"109","Kelly Orange","109"
"110","Brandon Landow","110"
"111","Ryan Tusa","111"
"112","Cary Jacobs","112"
"113","Yenn Ford","113"
"114","Deirdra Zaff","114"
"115","Fred Anderson","115"
"116","Will Yom","116"
"117","Yenn Von","117"
"118","Helen Jacobs","118"
"119","Deirdra Tusa","119"
"120","Tom Davison","120"
"121","Shreya Gore","121"
"122","Will Sherman","122"
"123","Zack Davison","123"
"124","Yenn Von","124"
"125","Lili Johnson","125"
"126","Helen Landow","126"
"127","Gina Orange","127"
"128","Lili Carlisle","128"
"129","Lili Thorne","129"
"130","Isaac Johnson","130"
"131","Yenn Xander","131"
"132","Peter Tusa","132"
"133","Deirdra Ford","133"
"134","Kelly Ford","134"
"135","Will Quail","135"
"136","Larry Ford","136"
"137","Will Xander","137"
"138","Olaf Ines","138"
"139","Peter Ford","139"
"140","Vera Xander","140"
"141","Lili Kerry","141"
"142","Zack Quail","142"
"143","Isaac Baker","143"
"144","Larry Von","144"
"145","Joyce Quail","145"
"146","Olaf Landow","146"
"147","Shreya Holly","147"
"148","Nancy Holly","148"
"149","Zack Erlich","149"
"150","Nancy Rich","150"
"151","Kelly Gore","151"
"152","Gina Anderson","152"
"153","Cary Rich","153"
"154","Urey Carlisle","154"
"155","Gina Anderson","155"
"156","Zack Gore","156"
"157","Olaf Jacobs","157"
"158","Zack Anderson","158"
"159","John Erlich","159"
"160","Monica Davison","160"
"161","Kelly Erlich","161"
"162","Nancy Xander","162"
"163","Kelly Sherman","163"
"164","Gina Anderson","164"
"165","Cary Quail","165"
"166","Peter Von","166"
"167","Kelly Landow","167"
"168","Brandon Malik","168"
"169","Tom Sherman","169"
"170","Isaac Malik","170"
"171","Shreya Holly","171"
"172","Nancy Anderson","172"
"173","Ryan Anderson","173"
"174","Kelly Gore","174"
"175","Joyce Wilcox","175"
"176","Shreya Yom","176"
"177","Kelly Kerry","177"
"178","Nancy Erlich","178"
"179","Deirdra Johnson","179"
"180","Isaac Johnson","180"
"181","Larry Orange","181"
"182","Joyce Ines","182"
"183","Olaf Thorne","183"
"184","Cary Xander","184"
"185","Yenn Rich","185"
"186","Alex Ines","186"
"187","Urey Von","187"
"188","Peter Quail","188"
"189","Isaac Neumann","189"
"190","Shreya Peterson","190"
"191","Peter Ines","191"
"192","Zack Rich","192"
"193","Deirdra Johnson","193"
"194","Vera Peterson","194"
"195","Tom Ulam","195"
"196","Urey Ines","196"
"197","Urey Ford","197"
"198","Ryan Neumann","198"
"199","Zack Erlich","199"
"200","Peter Holly","200"
"201","Peter Quail","201"
"202","Monica Jacobs","202"
"203","Isaac Tusa","203"
"204","Shreya Gore","204"
"205","Monica Baker","205"
"206","Ryan Zaff","206"
"207","Isaac Thorne","207"
"208","John Wilcox","208"
"209","Fred Neumann","209"
"210","Zack Tusa","210"
"211","Nancy Kerry","211"
"212","Helen Erlich","212"
"213","Evan Wilcox","213"
"214","Shreya Gore","214"
"215","Nancy Yom","215"
"216","Yenn Von","216"
"217","Peter Davison","217"
"218","Quincy Thorne","218"
"219","Larry Von","219"
"220","Urey Erlich","220"
"221","Kelly Holly","221"
"222","Alex Zaff","222"
"223","Gina Orange","223"
"224","Joyce Neumann","224"
"225","Deirdra Sherman","225"
"226","Lili Orange","226"
"227","Tom Orange","227"
"228","Joyce Holly","228"
"229","Lili Carlisle","229"
"230","Lili Yom","230"
"231","Tom Ines","231"
"232","Nancy Ford","232"
"233","Cary Yom","233"
"234","Tom Ulam","234"
"235","Nancy Orange","235"
"236","Fred Wilcox","236"
"237","Shreya Ford","237"
"238","Isaac Neumann","238"
"239","Lili Holly","239"
"240","Zack Davison","240"
"241","Kelly Von","241"
"242","Gina Baker","242"
"243","Fred Quail","243"
"244","Quincy Quail","244"
"245","Zack Ford","245"
"246","Larry Baker","246"
"247","Shreya Neumann","247"
"248","Nancy Jacobs","248"
"249","Zack Tusa","249"
"250","Tom Thorne","250"
"251","Monica Yom","251"
"252","Olaf Gore","252"
"253","Helen Ford","253"
"254","Helen Ulam","254"
"255","Brandon Jacobs","255"
"256","Nancy Kerry","256"
"257","Helen Von","257"
"258","Alex Malik","258"
"259","Nancy Jacobs","259"
"260","Monica Xander","260"
"261","Urey Xander","261"
"262","Alex Landow","262"
"263","Olaf Von","263"
"264","Helen Wilcox","264"
"265","Deirdra Baker","265"
"266","Cary Malik","266"
"267","Shreya Rich","267"
"268","Alex Quail","268"
"269","Brandon Carlisle","269"
"270","Shreya Peterson","270"
"271","Joyce Carlisle","271"
"272","Shreya Quail","272"
"273","John Neumann","273"
"274","Tom Quail","274"
"275","Alex Neumann","275"
"276","Lili Rich","276"
"277","Urey Malik","277"
"278","Monica Tusa","278"
"279","Helen Xander","279"
"280","Joyce Von","280"
"281","Joyce Quail","281"
"282","Kelly Davison","282"
"283","Will Holly","283"
"284","Tom Anderson","284"
"285","Ryan Orange","285"
"286","Helen Baker","286"
"287","Larry Ines","287"
"288","Helen Holly","288"
"289","Quincy Malik","289"
"290","Urey Carlisle","290"
"291","Peter Davison","291"
"292","Kelly Gore","292"
"293","Yenn Landow","293"
"294","Gina Wilcox","294"
"295","Olaf Orange","295"
"296","Shreya Xander","296"
"297","Quincy Gore","297"
"298","Deirdra Sherman","298"
"299","Peter Neumann","299"
"300","Isaac Rich","300"
"301","Joyce Holly","301"
"302","Zack Von","302"
"303","Monica Holly","303"
"304","Kelly Davison","304"
"305","Yenn Kerry","305"
"306","Larry Xander","306"
"307","Fred Sherman","307"
"308","Zack Gore","308"
"309","Monica Kerry","309"
"310","Shreya Quail","310"
"311","Will Peterson","311"
"312","Quincy Orange","312"
"313","John Von","313"
"314","Kelly Johnson","314"
"315","Deirdra Johnson","315"
"316","Fred Rich","316"
"317","Fred Landow","317"
"318","Kelly Von","318"
"319","Joyce Sherman","319"
"320","Urey Holly","320"
"321","Fred Carlisle","321"
"322","Vera Thorne","322"
"323","John Sherman","323"
"324","Evan Tusa","324"
"325","Joyce Ines","325"
"326","Joyce Landow","326"
"327","Kelly Davison","327"
"328","Fred Anderson","328"
"329","Peter Baker","329"
"330","Will Kerry","330"
"331","Ryan Gore","331"
"332","Vera Quail","332"
"333","Yenn Davison","333"
"334","Fred Ines","334"
"335","Larry Davison","335"
"336","John Johnson","336"
"337","John Yom","337"
"338","Alex Quail","338"
"339","Yenn Davison","339"
"340","Kelly Johnson","340"
"341","Yenn Von","341"
"342","Helen Thorne","342"
"343","Lili Sherman","343"
"344","Zack Tusa","344"
"345","Joyce Ford","345"
"346","Isaac Von","346"
"347","Alex Holly","347"
"348","Quincy Johnson","348"
"349","Will Jacobs","349"
"350","Brandon Holly","350"
"351","Fred Peterson","351"
"352","Shreya Wilcox","352"
"353","Deirdra Johnson","353"
"354","Ryan Sherman","354"
"355","Zack Ulam","355"
"356","Yenn Sherman","356"
"357","Olaf Johnson","357"
"358","Ryan Quail","358"
"359","Lili Anderson","359"
"360","Shreya Landow","360"
"361","Alex Landow","361"
"362","Nancy Sherman","362"
"363","Larry Anderson","363"
"364","Isaac Davison","364"
"365","Urey Von","365"
"366","Zack Erlich","366"
"367","Peter Gore","367"
"368","Gina Erlich","368"
"369","Urey Davison","369"
"370","Ryan Sherman","370"
"371","Zack Holly","371"
"372","Helen Yom","372"
"373","Vera Tusa","373"
"374","Lili Xander","374"
"375","Isaac Anderson","375"
"376","John Zaff","376"
"377","Shreya Peterson","377"
"378","Cary Peterson","378"
"379","Kelly Erlich","379"
"380","Peter Quail","380"
"381","Helen Malik","381"
"382","Fred Von","382"
"383","Alex Thorne","383"
"384","Cary Xander","384"
"385","Fred Tusa","385"
"386","Deirdra Baker","386"
"387","Quincy Yom","387"
"388","Fred Erlich","388"
"389","Zack Orange","389"
"390","Yenn Malik","390"
"391","Quincy Gore","391"
"392","Ryan Rich","392"
"393","Ryan Zaff","393"
"394","Peter Ford","394"
"395","Evan Johnson","395"
"396","Will Johnson","396"
"397","Nancy Ulam","397"
"398","Monica Davison","398"
"399","Alex Von","399"
"400","Joyce Thorne","400"
"401","Quincy Rich","401"
"402","Kelly Peterson","402"
"403","Shreya Xander","403"
"404","Shreya Ulam","404"
"405","Nancy Kerry","405"
"406","Fred Ulam","406"
"407","Shreya Davison","407"
"408","Cary Kerry","408"
"409","Olaf Johnson","409"
"410","Kelly Anderson","410"
"411","Shreya Ines","411"
"412","Tom Holly","412"
"413","Zack Quail","413"
"414","Fred Sherman","414"
"415","Vera Erlich","415"
"416","Kelly Zaff","416"
"417","Lili Thorne","417"
"418","Shreya Anderson","418"
"419","Deirdra Davison","419"
"420","Kelly Gore","420"
"421","Peter Yom","421"
"422","Will Tusa","422"
"423","Joyce Xander","423"
"424","Cary Rich","424"
"425","Yenn Jacobs","425"
"426","Fred Sherman","426"
"427","Brandon Orange","427"
"428","Kelly Kerry","428"
"429","Joyce Jacobs","429"
"430","Helen Orange","430"
"431","Peter Davison","431"
"432","Tom Ulam","432"
"433","Kelly Anderson","433"
"434","Yenn Erlich","434"
"435","Helen Malik","435"
"436","Peter Ford","436"
"437","John Malik","437"
"438","Yenn Zaff","438"
"439","Ryan Yom","439"
"440","Nancy Anderson","440"
"441","Tom Anderson","441"
"442","Vera Jacobs","442"
"443","Shreya Holly","443"
"444","Lili Yom","444"
"445","Zack Ulam","445"
"446","Monica Ines","446"
"447","Vera Quail","447"
"448","Peter Jacobs","448"
"449","Olaf Orange","449"
"450","Alex Holly","450"
"451","Gina Holly","451"
"452","Shreya Sherman","452"
"453","Zack Peterson","453"
"454","Yenn Rich","454"
"455","Shreya Kerry","455"
"456","Quincy Landow","456"
"457","Gina Orange","457"
"458","Olaf Davison","458"
"459","Nancy Holly","459"
"460","Brandon Holly","460"
"461","John Wilcox","461"
"462","Will Von","462"
"463","John Von","463"
"464","Lili Wilcox","464"
"465","Evan Xander","465"
"466","Fred Jacobs","466"
"467","Monica Jacobs","467"
"468","John Orange","468"
"469","Olaf Johnson","469"
"470","Nancy Gore","470"
"471","Deirdra Johnson","471"
"472","Helen Peterson","472"
"473","Alex Xander","473"
"474","Yenn Wilcox","474"
"475","John Johnson","475"
"476","Zack Erlich","476"
"477","Lili Orange","477"
"478","Larry Carlisle","478"
"479","Ryan Rich","479"
"480","Deirdra Rich","480"
"481","Monica Thorne","481"
"482","Nancy Ulam","482"
"483","Peter Kerry","483"
"484","John Quail","484"
"485","Deirdra Zaff","485"
"486","Brandon Rich","486"
"487","Shreya Erlich","487"
"488","Quincy Ford","488"
"489","Shreya Carlisle","489"
"490","Evan Ulam","490"
"491","Olaf Neumann","491"
"492","Shreya Davison","492"
"493","Will Yom","493"
"494","Isaac Malik","494"
"495","Peter Neumann","495"
"496","Joyce Orange","496"
"497","Olaf Orange","497"
"498","Cary Johnson","498"
"499","Olaf Ulam","499"
"500","Olaf Von","500"
"501","Quincy Landow","501"
"502","Tom Quail","502"
"503","Vera Orange","503"
"504","Brandon Von","504"
"505","Quincy Wilcox","505"
"506","Urey Thorne","506"
"507","Shreya Orange","507"
"508","Urey Wilcox","508"
"509","Deirdra Gore","509"
"510","Tom Quail","510"
"511","Joyce Rich","511"
"512","Yenn Rich","512"
"513","Yenn Davison","513"
"514","Nancy Tusa","514"
"515","Cary Carlisle","515"
"516","Tom Holly","516"
"517","Olaf Landow","517"
"518","Cary Landow","518"
"519","Peter Davison","519"
"520","Isaac Davison","520"
"521","Urey Tusa","521"
"522","Gina Gore","522"
"523","Joyce Landow","523"
"524","Will Davison","524"
"525","Nancy Gore","525"
"526","Tom Xander","526"
"527","Brandon Yom","527"
"528","Brandon Kerry","528"
"529","Peter Landow","529"
"530","Gina Baker","530"
"531","Gina Xander","531"
"532","Olaf Gore","532"
"533","John Landow","533"
"534","Tom Rich","534"
"535","Deirdra Johnson","535"
"536","Zack Gore","536"
"537","Peter Rich","537"
"538","Peter Gore","538"
"539","Shreya Von","539"
"540","Lili Johnson","540"
"541","John Zaff","541"
"542","Olaf Johnson","542"
"543","Zack Erlich","543"
"544","Fred Orange","544"
"545","Shreya Kerry","545"
"546","Kelly Gore","546"
"547","Urey Wilcox","547"
"548","Vera Anderson","548"
"549","Zack Quail","549"
"550","Will Johnson","550"
"551","Gina Kerry","551"
"552","Gina Sherman","552"
"553","Tom Carlisle","553"
"554","Evan Thorne","554"
"555","Urey Johnson","555"
"556","Zack Peterson","556"
"557","Lili Kerry","557"
"558","Brandon Anderson","558"
"559","Olaf Malik","559"
"560","Urey Gore","560"
"561","Evan Yom","561"
"562","Zack Baker","562"
"563","Quincy Jacobs","563"
"564","Vera Anderson","564"
"565","Gina Baker","565"
"566","Vera Baker","566"
"567","Tom Sherman","567"
"568","Olaf Carlisle","568"
"569","Fred Landow","569"
"570","Brandon Ines","570"
"571","Olaf Kerry","571"
"572","Tom Neumann","572"
"573","Fred Tusa","573"
"574","Peter Baker","574"
"575","John Anderson","575"
"576","John Malik","576"
"577","Brandon Ines","577"
"578","Kelly Baker","578"
"579","Monica Landow","579"
"580","Urey Orange","580"
"581","Urey Tusa","581"
"582","Alex Von","582"
"583","Nancy Kerry","583"
"584","Isaac Sherman","584"
"585","Brandon Erlich","585"
"586","Joyce Von","586"
"587","Helen Rich","587"
"588","Zack Neumann","588"
"589","Yenn Neumann","589"
"590","Olaf Johnson","590"
"591","Zack Orange","591"
"592","Vera Gore","592"
"593","Deirdra Wilcox","593"
"594","Olaf Carlisle","594"
"595","Joyce Ines","595"
"596","Quincy Thorne","596"
"597","Peter Carlisle","597"
"598","Quincy Sherman","598"
"599","Olaf Carlisle","599"
"600","Deirdra Yom","600"
"601","Helen Erlich","601"
"602","Evan Kerry","602"
"603","Evan Carlisle","603"
"604","Nancy Rich","604"
"605","Kelly Malik","605"
"606","John Anderson","606"
"607","Urey Zaff","607"
"608","Fred Erlich","608"
"609","Lili Landow","609"
"610","John Orange","610"
"611","Gina Thorne","611"
"612","Tom Ford","612"
"613","Isaac Davison","613"
"614","Cary Holly","614"
"615","Yenn Kerry","615"
"616","John Ford","616"
"617","Isaac Tusa","617"
"618","Peter Peterson","618"
"619","Shreya Johnson","619"
"620","Lili Orange","620"
"621","Yenn Thorne","621"
"622","Brandon Tusa","622"
"623","Quincy Thorne","623"
"624","Urey Wilcox","624"
"625","Joyce Holly","625"
"626","Yenn Landow","626"
"627","Lili Gore","627"
"628","Yenn Davison","628"
"629","Isaac Zaff","629"
"630","Olaf Rich","630"
"631","Will Kerry","631"
"632","Olaf Ulam","632"
"633","Kelly Neumann","633"
"634","Nancy Malik","634"
"635","Yenn Malik","635"
"636","Urey Wilcox","636"
"637","Helen Holly","637"
"638","Urey Malik","638"
"639","Gina Erlich","639"
"640","Joyce Wilcox","640"
"641","Nancy Davison","641"
"642","Fred Davison","642"
"643","Lili Ulam","643"
"644","Yenn Ford","644"
"645","Isaac Erlich","645"
"646","Joyce Wilcox","646"
"647","Brandon Tusa","647"
"648","Vera Yom","648"
"649","Lili Xander","649"
"650","Tom Erlich","650"
"651","Gina Wilcox","651"
"652","Quincy Tusa","652"
"653","Vera Landow","653"
"654","Larry Jacobs","654"
"655","Evan Ines","655"
"656","Lili Malik","656"
"657","Vera Davison","657"
"658","Alex Yom","658"
"659","Gina Malik","659"
"660","Yenn Yom","660"
"661","Olaf Kerry","661"
"662","Yenn Gore","662"
"663","Urey Orange","663"
"664","Brandon Landow","664"
"665","Isaac Holly","665"
"666","Lili Neumann","666"
"667","Ryan Tusa","667"
"668","Helen Erlich","668"
"669","Larry Thorne","669"
"670","Ryan Davison","670"
"671","Deirdra Wilcox","671"
"672","Yenn Kerry","672"
"673","John Zaff","673"
"674","Gina Holly","674"
"675","Yenn Peterson","675"
"676","Urey Gore","676"
"677","Kelly Holly","677"
"678","Will Gore","678"
"679","Fred Malik","679"
"680","Yenn Davison","680"
"681","Larry Baker","681"
"682","Cary Neumann","682"
"683","Olaf Orange","683"
"684","Helen Malik","684"
"685","Urey Jacobs","685"
"686","Isaac Jacobs","686"
"687","Vera Rich","687"
"688","Alex Holly","688"
"689","Monica Kerry","689"
"690","Larry Rich","690"
"691","Vera Carlisle","691"
"692","Lili Carlisle","692"
"693","Gina Neumann","693"
"694","Lili Tusa","694"
"695","Alex Carlisle","695"
"696","Cary Rich","696"
"697","Isaac Ulam","697"
"698","Monica Holly","698"
"699","Isaac Anderson","699"
"700","Ryan Anderson","700"
"701","Alex Landow","701"
"702","Olaf Landow","702"
"703","Ryan Rich","703"
"704","Larry Baker","704"
"705","Fred Baker","705"
"706","Deirdra Rich","706"
"707","Kelly Xander","707"
"708","Peter Rich","708"
"709","Brandon Ford","709"
"710","Nancy Erlich","710"
"711","Ryan Ines","711"
"712","Zack Neumann","712"
"713","Zack Orange","713"
"714","Deirdra Holly","714"
"715","Fred Johnson","715"
"716","Fred Neumann","716"
"717","Larry Erlich","717"
"718","Fred Gore","718"
"719","Zack Rich","719"
"720","Cary Carlisle","720"
"721","Urey Ines","721"
"722","Cary Ines","722"
"723","Zack Sherman","723"
"724","Alex Orange","724"
"725","Lili Ines","725"
"726","Zack Ford","726"
"727","Kelly Erlich","727"
"728","Joyce Rich","728"
"729","Isaac Landow","729"
"730","Zack Neumann","730"
"731","Will Tusa","731"
"732","Alex Peterson","732"
"733","Cary Peterson","733"
"734","Monica Xander","734"
"735","Olaf Malik","735"
"736","Tom Landow","736"
"737","Lili Anderson","737"
"738","Tom Sherman","738"
"739","Zack Xander","739"
"740","Yenn Thorne","740"
"741","Helen Malik","741"
"742","Cary Jacobs","742"
"743","Brandon Ford","743"
"744","Fred Erlich","744"
"745","Nancy Kerry","745"
"746","Alex Xander","746"
"747","Lili Peterson","747"
"748","Peter Johnson","748"
"749","Fred Baker","749"
"750","Peter Sherman","750"
"751","Monica Thorne","751"
"752","Shreya Quail","752"
"753","John Peterson","753"
"754","Urey Thorne","754"
"755","Gina Wilcox","755"
"756","Vera Tusa","756"
"757","Quincy Von","757"
"758","Will Gore","758"
"759","Joyce Ines","759"
"760","Olaf Yom","760"
"761","Alex Ines","761"
"762","Peter Baker","762"
"763","Alex Erlich","763"
"764","Nancy Johnson","764"
"765","Helen Johnson","765"
"766","Olaf Orange","766"
"767","Yenn Von","767"
"768","Nancy Sherman","768"
"769","Tom Yom","769"
"770","Isaac Rich","770"
"771","Vera Von","771"
"772","Vera Gore","772"
"773","Urey Anderson","773"
"774","Brandon Neumann","774"
"775","Olaf Ulam","775"
"776","Lili Orange","776"
"777","Brandon Von","777"
"778","Gina Neumann","778"
"779","Nancy Tusa","779"
"780","Joyce Wilcox","780"
"781","Yenn Ford","781"
"782","Brandon Ulam","782"
"783","Alex Von","783"
"784","Helen Landow","784"
"785","Fred Thorne","785"
"786","Quincy Landow","786"
"787","Vera Tusa","787"
"788","Alex Carlisle","788"
"789","Quincy Jacobs","789"
"790","Evan Malik","790"
"791","Tom Ulam","791"
"792","Deirdra Gore","792"
"793","Quincy Orange","793"
"794","Monica Kerry","794"
"795","Ryan Malik","795"
"796","Helen Orange","796"
"797","Lili Yom","797"
"798","Urey Holly","798"
"799","Evan Thorne","799"
"800","Vera Anderson","800"
"801","Cary Anderson","801"
"802","Vera Rich","802"
"803","Lili Jacobs","803"
"804","Helen Johnson","804"
"805","Joyce Baker","805"
"806","Nancy Erlich","806"
"807","Evan Tusa","807"
"808","Kelly Carlisle","808"
"809","Peter Jacobs","809"
"810","Kelly Yom","810"
"811","Nancy Ulam","811"
"812","Fred Rich","812"
"813","Yenn Sherman","813"
"814","Quincy Orange","814"
"815","Deirdra Neumann","815"
"816","John Davison","816"
"817","Isaac Malik","817"
"818","Tom Wilcox","818"
"819","Larry Johnson","819"
"820","Kelly Yom","820"
"821","Cary Peterson","821"
"822","John Rich","822"
"823","John Davison","823"
"824","John Holly","824"
"825","Gina Tusa","825"
"826","Tom Ulam","826"
"827","Alex Jacobs","827"
"828","John Rich","828"
"829","John Gore","829"
"830","Larry Holly","830"
"831","Isaac Johnson","831"
"832","Tom Gore","832"
"833","Vera Zaff","833"
"834","Yenn Yom","834"
"835","Helen Baker","835"
"836","Quincy Rich","836"
"837","Ryan Johnson","837"
"838","Fred Jacobs","838"
"839","Nancy Orange","839"
"840","Olaf Baker","840"
"841","Cary Ines","841"
"842","Nancy Erlich","842"
"843","Peter Jacobs","843"
"844","Fred Ines","844"
"845","Larry Rich","845"
"846","Will Baker","846"
"847","Nancy Peterson","847"
"848","Yenn Carlisle","848"
"849","Shreya Holly","849"
"850","Ryan Thorne","850"
"851","Monica Tusa","851"
"852","Zack Orange","852"
"853","Yenn Orange","853"
"854","Evan Davison","854"
"855","Monica Thorne","855"
"856","Peter Sherman","856"
"857","Cary Carlisle","857"
"858","Brandon Anderson","858"
"859","Shreya Gore","859"
"860","Yenn Zaff","860"
"861","Cary Kerry","861"
"862","John Yom","862"
"863","Alex Von","863"
"864","Kelly Xander","864"
"865","Fred Ines","865"
"866","Will Thorne","866"
"867","Gina Erlich","867"
"868","Zack Ines","868"
"869","Helen Thorne","869"
"870","Monica Thorne","870"
"871","Yenn Sherman","871"
"872","Will Johnson","872"
"873","Yenn Davison","873"
"874","Isaac Neumann","874"
"875","Shreya Zaff","875"
"876","Fred Tusa","876"
"877","Cary Yom","877"
"878","Cary Neumann","878"
"879","Lili Carlisle","879"
"880","Nancy Rich","880"
"881","Quincy Zaff","881"
"882","Gina Ulam","882"
"883","Larry Baker","883"
"884","Monica Erlich","884"
"885","Nancy Orange","885"
"886","Yenn Ines","886"
"887","Evan Davison","887"
"888","Brandon Holly","888"
"889","Cary Jacobs","889"
"890","Alex Erlich","890"
"891","Will Johnson","891"
"892","Shreya Ford","892"
"893","Olaf Quail","893"
"894","John Wilcox","894"
"895","Joyce Davison","895"
"896","Isaac Tusa","896"
"897","Olaf Anderson","897"
"898","Peter Sherman","898"
"899","Zack Landow","899"
"900","Vera Ulam","900"
"901","Peter Gore","901"
"902","Kelly Neumann","902"
"903","Will Peterson","903"
"904","Larry Thorne","904"
"905","Will Ford","905"
"906","Alex Landow","906"
"907","Joyce Ulam","907"
"908","Gina Wilcox","908"
"909","Shreya Neumann","909"
"910","Helen Xander","910"
"911","Gina Tusa","911"
"912","Larry Davison","912"
"913","Brandon Erlich","913"
"914","Gina Malik","914"
"915","Deirdra Kerry","915"
"916","Cary Quail","916"
"917","Kelly Quail","917"
"918","Zack Gore","918"
"919","Zack Malik","919"
"920","Tom Quail","920"
"921","Monica Yom","921"
"922","Larry Yom","922"
"923","Fred Anderson","923"
"924","Gina Gore","924"
"925","Nancy Thorne","925"
"926","Gina Carlisle","926"
"927","Shreya Neumann","927"
"928","Monica Davison","928"
"929","Cary Von","929"
"930","Evan Wilcox","930"
"931","Deirdra Landow","931"
"932","Zack Erlich","932"
"933","Alex Anderson","933"
"934","Olaf Ulam","934"
"935","Cary Rich","935"
"936","Lili Quail","936"
"937","Fred Kerry","937"
"938","Lili Tusa","938"
"939","John Erlich","939"
"940","Nancy Baker","940"
"941","Will Holly","941"
"942","Nancy Davison","942"
"943","Tom Neumann","943"
"944","Shreya Ines","944"
"945","Olaf Zaff","945"
"946","Monica Holly","946"
"947","Helen Peterson","947"
"948","Deirdra Quail","948"
"949","Lili Erlich","949"
"950","Joyce Neumann","950"
"951","Ryan Zaff","951"
"952","Yenn Johnson","952"
"953","Isaac Jacobs","953"
"954","Urey Wilcox","954"
"955","Vera Ford","955"
"956","Brandon Thorne","956"
"957","Vera Carlisle","957"
"958","Larry Peterson","958"
"959","Deirdra Holly","959"
"960","Peter Orange","960"
"961","Gina Zaff","961"
"962","Larry Rich","962"
"963","Vera Ulam","963"
"964","Tom Ulam","964"
"965","Brandon Thorne","965"
"966","Brandon Wilcox","966"
"967","Peter Orange","967"
"968","Gina Holly","968"
"969","Nancy Quail","969"
"970","Isaac Kerry","970"
"971","Zack Tusa","971"
"972","Ryan Ulam","972"
"973","Alex Peterson","973"
"974","Shreya Xander","974"
"975","Fred Orange","975"
"976","Quincy Wilcox","976"
"977","Shreya Von","977"
"978","Gina Neumann","978"
"979","Yenn Landow","979"
"980","Nancy Yom","980"
"981","Tom Peterson","981"
"982","Yenn Ines","982"
"983","Cary Ford","983"
"984","Peter Anderson","984"
"985","Zack Yom","985"
"986","Gina Orange","986"
"987","Brandon Xander","987"
"988","Zack Quail","988"
"989","Deirdra Anderson","989"
"990","Evan Carlisle","990"
"991","Lili Kerry","991"
"992","Peter Baker","992"
"993","Zack Sherman","993"
"994","Cary Neumann","994"
"995","Quincy Sherman","995"
"996","Alex Tusa","996"
"997","Shreya Thorne","997"
"998","Isaac Ulam","998"
"999","Yenn Jacobs","999"
"1000","Fred Quail","1000"
